team_id,club,date,item,coverage,source_url
342,Albuquerque Isotopes,2025-04-01,Orbit Beanies,complete,https://www.milb.com/albuquerque/news/isotopes-announce-2025-promotional-schedule-individual-game-tickets-go-on-sale-monday-february-24
342,Albuquerque Isotopes,2025-04-04,Magnet Schedules,complete,https://www.milb.com/albuquerque/news/isotopes-announce-2025-promotional-schedule-individual-game-tickets-go-on-sale-monday-february-24
342,Albuquerque Isotopes,2025-04-05,Mariachis Ponchos,complete,https://www.milb.com/albuquerque/news/isotopes-announce-2025-promotional-schedule-individual-game-tickets-go-on-sale-monday-february-24
342,Albuquerque Isotopes,2025-04-19,Flags,complete,https://www.milb.com/albuquerque/news/isotopes-announce-2025-promotional-schedule-individual-game-tickets-go-on-sale-monday-february-24
342,Albuquerque Isotopes,2025-05-04,Adult Mariachis Jerseys,complete,https://www.milb.com/albuquerque/news/isotopes-announce-2025-promotional-schedule-individual-game-tickets-go-on-sale-monday-february-24
342,Albuquerque Isotopes,2025-05-30,Cowbells,complete,https://www.milb.com/albuquerque/news/isotopes-announce-2025-promotional-schedule-individual-game-tickets-go-on-sale-monday-february-24
342,Albuquerque Isotopes,2025-06-01,Hats,complete,https://www.milb.com/albuquerque/news/isotopes-announce-2025-promotional-schedule-individual-game-tickets-go-on-sale-monday-february-24
342,Albuquerque Isotopes,2025-06-13,Hats,complete,https://www.milb.com/albuquerque/news/isotopes-announce-2025-promotional-schedule-individual-game-tickets-go-on-sale-monday-february-24
342,Albuquerque Isotopes,2025-07-05,Paint-Your-Own Lowrider Bobbleheads,complete,https://www.milb.com/albuquerque/news/isotopes-announce-2025-promotional-schedule-individual-game-tickets-go-on-sale-monday-february-24
342,Albuquerque Isotopes,2025-08-01,Jumbo Softee Baseballs,complete,https://www.milb.com/albuquerque/news/isotopes-announce-2025-promotional-schedule-individual-game-tickets-go-on-sale-monday-february-24
342,Albuquerque Isotopes,2025-08-03,Lunch Bags,complete,https://www.milb.com/albuquerque/news/isotopes-announce-2025-promotional-schedule-individual-game-tickets-go-on-sale-monday-february-24
342,Albuquerque Isotopes,2025-08-07,Magazines (Albuquerque The Magazine),complete,https://www.milb.com/albuquerque/news/isotopes-announce-2025-promotional-schedule-individual-game-tickets-go-on-sale-monday-february-24
342,Albuquerque Isotopes,2025-08-22,Orbit Vinyl Figurines,complete,https://www.milb.com/albuquerque/news/isotopes-announce-2025-promotional-schedule-individual-game-tickets-go-on-sale-monday-february-24
342,Albuquerque Isotopes,2025-09-21,Adult Mariachis Jerseys,complete,https://www.milb.com/albuquerque/news/isotopes-announce-2025-promotional-schedule-individual-game-tickets-go-on-sale-monday-february-24
422,Buffalo Bisons,2025-03-28,Magnetic Schedule,complete,https://www.milb.com/buffalo/news/bisons-unveil-packed-2025-promotional-schedule
422,Buffalo Bisons,2025-06-15,Logo Baseball,complete,https://www.milb.com/buffalo/news/bisons-unveil-packed-2025-promotional-schedule
422,Buffalo Bisons,2025-06-27,Celery Pins and Celery Sunglasses,complete,https://www.milb.com/buffalo/news/bisons-unveil-packed-2025-promotional-schedule
422,Buffalo Bisons,2025-06-29,Pickleball Paddle,complete,https://www.milb.com/buffalo/news/bisons-unveil-packed-2025-promotional-schedule
422,Buffalo Bisons,2025-07-18,Snow Globe,complete,https://www.milb.com/buffalo/news/bisons-unveil-packed-2025-promotional-schedule
422,Buffalo Bisons,2025-07-31,Luces de Buffalo Youth Jersey,complete,https://www.milb.com/buffalo/news/bisons-unveil-packed-2025-promotional-schedule
422,Buffalo Bisons,2025-08-16,Comic Book,complete,https://www.milb.com/buffalo/news/bisons-unveil-packed-2025-promotional-schedule
422,Buffalo Bisons,2025-08-17,Team Photo,complete,https://www.milb.com/buffalo/news/bisons-unveil-packed-2025-promotional-schedule
422,Buffalo Bisons,2025-08-19,Luggage Tag,complete,https://www.milb.com/buffalo/news/bisons-unveil-packed-2025-promotional-schedule
422,Buffalo Bisons,2025-08-22,Malmo Oat Milkers Jersey off the Back,complete,https://www.milb.com/buffalo/news/bisons-unveil-packed-2025-promotional-schedule
422,Buffalo Bisons,2025-08-23,Harry Potter Scarf,complete,https://www.milb.com/buffalo/news/bisons-unveil-packed-2025-promotional-schedule
422,Buffalo Bisons,2025-08-24,Buster Plush,complete,https://www.milb.com/buffalo/news/bisons-unveil-packed-2025-promotional-schedule
422,Buffalo Bisons,2025-09-19,Goo Goo Dolls Bobblehead,complete,https://www.milb.com/buffalo/news/bisons-unveil-packed-2025-promotional-schedule
4904,El Paso Chihuahuas,2025-04-11,Limited-Edition Reversible Jersey,partial-homestand,https://www.milb.com/el-paso/press-release/2025-peanuts
4904,El Paso Chihuahuas,2025-04-13,Chihuahuas Kids Shirsey,partial-homestand,https://www.milb.com/el-paso/press-release/2025-peanuts
4904,El Paso Chihuahuas,2025-04-25,Chico Squishy Plush,partial-homestand,https://www.milb.com/el-paso/press-release/2025-minecraft-movie-night
4904,El Paso Chihuahuas,2025-04-27,Chihuahuas Stress Ball,partial-homestand,https://www.milb.com/el-paso/press-release/2025-minecraft-movie-night
431,Gwinnett Stripers,2025-04-05,Homestand Tour T-Shirt,complete,https://www.milb.com/gwinnett/news/gwinnett-stripers-announce-2025-promotions-schedule
431,Gwinnett Stripers,2025-04-19,Chopper the Groundhog Bobblehead,complete,https://www.milb.com/gwinnett/news/gwinnett-stripers-announce-2025-promotions-schedule
431,Gwinnett Stripers,2025-05-31,Stripers Replica Jersey,complete,https://www.milb.com/gwinnett/news/gwinnett-stripers-announce-2025-promotions-schedule
431,Gwinnett Stripers,2025-07-05,Jimmy Carter Bobblehead,complete,https://www.milb.com/gwinnett/news/gwinnett-stripers-announce-2025-promotions-schedule
431,Gwinnett Stripers,2025-08-30,Gwinnett Peaches Rope Hat,complete,https://www.milb.com/gwinnett/news/gwinnett-stripers-announce-2025-promotions-schedule
431,Gwinnett Stripers,2025-09-06,Chipper Jones Bobblehead,complete,https://www.milb.com/gwinnett/news/gwinnett-stripers-announce-2025-promotions-schedule
431,Gwinnett Stripers,2025-09-20,Stripers Short Sleeve Hoodie,complete,https://www.milb.com/gwinnett/news/gwinnett-stripers-announce-2025-promotions-schedule
484,Indianapolis Indians,2025-04-05,Tour Schedule T-Shirt,complete,https://www.milb.com/indianapolis/news/indians-unveil-2025-season-promotional-schedule
484,Indianapolis Indians,2025-04-19,Rowdie Racecar Bobblehead,complete,https://www.milb.com/indianapolis/news/indians-unveil-2025-season-promotional-schedule
484,Indianapolis Indians,2025-05-17,Bubba Chandler Bobblehead,complete,https://www.milb.com/indianapolis/news/indians-unveil-2025-season-promotional-schedule
484,Indianapolis Indians,2025-06-26,Margaritaville Beach Towel,complete,https://www.milb.com/indianapolis/news/indians-unveil-2025-season-promotional-schedule
484,Indianapolis Indians,2025-07-10,Cowboy Hat,complete,https://www.milb.com/indianapolis/news/indians-unveil-2025-season-promotional-schedule
484,Indianapolis Indians,2025-07-12,Hogwarts House Scarf,complete,https://www.milb.com/indianapolis/news/indians-unveil-2025-season-promotional-schedule
484,Indianapolis Indians,2025-07-13,Hogwarts House Scarf,complete,https://www.milb.com/indianapolis/news/indians-unveil-2025-season-promotional-schedule
484,Indianapolis Indians,2025-08-29,MARVEL Comic Book,complete,https://www.milb.com/indianapolis/news/indians-unveil-2025-season-promotional-schedule
451,Iowa Cubs,2025-05-31,Owen Caissie Bobblehead,complete,https://www.milb.com/iowa/news/iowa-cubs-release-2025-promotion-schedule
451,Iowa Cubs,2025-07-19,Moises Ballesteros Bobblehead,complete,https://www.milb.com/iowa/news/iowa-cubs-release-2025-promotion-schedule
564,Jacksonville Jumbo Shrimp,2025-04-12,Bluetooth Speaker,complete,https://www.milb.com/jacksonville/news/jumbo-shrimp-2025-season-features-fireworks-giveaways-signature-promotions
564,Jacksonville Jumbo Shrimp,2025-04-23,Wear It Home Wednesday T-shirt,complete,https://www.milb.com/jacksonville/news/jumbo-shrimp-2025-season-features-fireworks-giveaways-signature-promotions
564,Jacksonville Jumbo Shrimp,2025-04-26,Triassic Park T-shirt,complete,https://www.milb.com/jacksonville/news/jumbo-shrimp-2025-season-features-fireworks-giveaways-signature-promotions
564,Jacksonville Jumbo Shrimp,2025-05-10,Straw Beach Hat,complete,https://www.milb.com/jacksonville/news/jumbo-shrimp-2025-season-features-fireworks-giveaways-signature-promotions
564,Jacksonville Jumbo Shrimp,2025-05-21,Wear It Home Wednesday T-shirt,complete,https://www.milb.com/jacksonville/news/jumbo-shrimp-2025-season-features-fireworks-giveaways-signature-promotions
564,Jacksonville Jumbo Shrimp,2025-05-24,Hooded Honey Drippers T-shirt,complete,https://www.milb.com/jacksonville/news/jumbo-shrimp-2025-season-features-fireworks-giveaways-signature-promotions
564,Jacksonville Jumbo Shrimp,2025-06-04,Wear It Home Wednesday T-shirt,complete,https://www.milb.com/jacksonville/news/jumbo-shrimp-2025-season-features-fireworks-giveaways-signature-promotions
564,Jacksonville Jumbo Shrimp,2025-06-07,Red Caps Item,complete,https://www.milb.com/jacksonville/news/jumbo-shrimp-2025-season-features-fireworks-giveaways-signature-promotions
564,Jacksonville Jumbo Shrimp,2025-06-28,Wizards and Wands Robe,complete,https://www.milb.com/jacksonville/news/jumbo-shrimp-2025-season-features-fireworks-giveaways-signature-promotions
564,Jacksonville Jumbo Shrimp,2025-07-05,Nolan Ryan Bobblehead,complete,https://www.milb.com/jacksonville/news/jumbo-shrimp-2025-season-features-fireworks-giveaways-signature-promotions
564,Jacksonville Jumbo Shrimp,2025-07-09,Wear It Home Wednesday T-shirt,complete,https://www.milb.com/jacksonville/news/jumbo-shrimp-2025-season-features-fireworks-giveaways-signature-promotions
564,Jacksonville Jumbo Shrimp,2025-07-12,Hawaiian Shirt,complete,https://www.milb.com/jacksonville/news/jumbo-shrimp-2025-season-features-fireworks-giveaways-signature-promotions
564,Jacksonville Jumbo Shrimp,2025-07-30,Wear It Home Wednesday T-shirt,complete,https://www.milb.com/jacksonville/news/jumbo-shrimp-2025-season-features-fireworks-giveaways-signature-promotions
564,Jacksonville Jumbo Shrimp,2025-08-02,Clear Backpack,complete,https://www.milb.com/jacksonville/news/jumbo-shrimp-2025-season-features-fireworks-giveaways-signature-promotions
564,Jacksonville Jumbo Shrimp,2025-08-13,Wear It Home Wednesday T-shirt,complete,https://www.milb.com/jacksonville/news/jumbo-shrimp-2025-season-features-fireworks-giveaways-signature-promotions
564,Jacksonville Jumbo Shrimp,2025-08-16,Pickleball Paddle,complete,https://www.milb.com/jacksonville/news/jumbo-shrimp-2025-season-features-fireworks-giveaways-signature-promotions
564,Jacksonville Jumbo Shrimp,2025-08-27,Wear It Home Wednesday T-shirt,complete,https://www.milb.com/jacksonville/news/jumbo-shrimp-2025-season-features-fireworks-giveaways-signature-promotions
564,Jacksonville Jumbo Shrimp,2025-08-30,Honey Drippers Gym Shorts,complete,https://www.milb.com/jacksonville/news/jumbo-shrimp-2025-season-features-fireworks-giveaways-signature-promotions
564,Jacksonville Jumbo Shrimp,2025-09-10,Wear It Home Wednesday T-shirt,complete,https://www.milb.com/jacksonville/news/jumbo-shrimp-2025-season-features-fireworks-giveaways-signature-promotions
564,Jacksonville Jumbo Shrimp,2025-09-13,Jumbo Shrimp Umbrella,complete,https://www.milb.com/jacksonville/news/jumbo-shrimp-2025-season-features-fireworks-giveaways-signature-promotions
1410,Lehigh Valley IronPigs,2025-03-28,Retro Drinking Glass,complete,https://www.milb.com/lehigh-valley/news/ironpigs-announce-2025-promotions
1410,Lehigh Valley IronPigs,2025-03-29,Magnet Schedule,complete,https://www.milb.com/lehigh-valley/news/ironpigs-announce-2025-promotions
1410,Lehigh Valley IronPigs,2025-04-24,Pencil Bag,complete,https://www.milb.com/lehigh-valley/news/ironpigs-announce-2025-promotions
1410,Lehigh Valley IronPigs,2025-05-08,Adult Scrub Jersey,complete,https://www.milb.com/lehigh-valley/news/ironpigs-announce-2025-promotions
1410,Lehigh Valley IronPigs,2025-05-10,Cap,complete,https://www.milb.com/lehigh-valley/news/ironpigs-announce-2025-promotions
1410,Lehigh Valley IronPigs,2025-05-11,Mother's Day Cap,complete,https://www.milb.com/lehigh-valley/news/ironpigs-announce-2025-promotions
1410,Lehigh Valley IronPigs,2025-05-21,Umbrella,complete,https://www.milb.com/lehigh-valley/news/ironpigs-announce-2025-promotions
1410,Lehigh Valley IronPigs,2025-05-25,Cap,complete,https://www.milb.com/lehigh-valley/news/ironpigs-announce-2025-promotions
1410,Lehigh Valley IronPigs,2025-06-10,Youth Cap,complete,https://www.milb.com/lehigh-valley/news/ironpigs-announce-2025-promotions
1410,Lehigh Valley IronPigs,2025-06-12,Beach Tote,complete,https://www.milb.com/lehigh-valley/news/ironpigs-announce-2025-promotions
1410,Lehigh Valley IronPigs,2025-06-15,Tumbler,complete,https://www.milb.com/lehigh-valley/news/ironpigs-announce-2025-promotions
1410,Lehigh Valley IronPigs,2025-06-20,Poster,complete,https://www.milb.com/lehigh-valley/news/ironpigs-announce-2025-promotions
1410,Lehigh Valley IronPigs,2025-06-21,Cap,complete,https://www.milb.com/lehigh-valley/news/ironpigs-announce-2025-promotions
1410,Lehigh Valley IronPigs,2025-07-02,Socks,complete,https://www.milb.com/lehigh-valley/news/ironpigs-announce-2025-promotions
1410,Lehigh Valley IronPigs,2025-07-03,Headband,complete,https://www.milb.com/lehigh-valley/news/ironpigs-announce-2025-promotions
1410,Lehigh Valley IronPigs,2025-07-19,Youth Hawaiian Jersey,complete,https://www.milb.com/lehigh-valley/news/ironpigs-announce-2025-promotions
1410,Lehigh Valley IronPigs,2025-07-20,Reversible Bucket Hat,complete,https://www.milb.com/lehigh-valley/news/ironpigs-announce-2025-promotions
1410,Lehigh Valley IronPigs,2025-07-24,Festers Cap,complete,https://www.milb.com/lehigh-valley/news/ironpigs-announce-2025-promotions
1410,Lehigh Valley IronPigs,2025-07-25,Snow Globe,complete,https://www.milb.com/lehigh-valley/news/ironpigs-announce-2025-promotions
1410,Lehigh Valley IronPigs,2025-07-26,Youth Jersey,complete,https://www.milb.com/lehigh-valley/news/ironpigs-announce-2025-promotions
1410,Lehigh Valley IronPigs,2025-07-27,Golf Ball,complete,https://www.milb.com/lehigh-valley/news/ironpigs-announce-2025-promotions
1410,Lehigh Valley IronPigs,2025-08-06,Slime Hat,complete,https://www.milb.com/lehigh-valley/news/ironpigs-announce-2025-promotions
1410,Lehigh Valley IronPigs,2025-08-10,Cap,complete,https://www.milb.com/lehigh-valley/news/ironpigs-announce-2025-promotions
1410,Lehigh Valley IronPigs,2025-08-21,Baseball,complete,https://www.milb.com/lehigh-valley/news/ironpigs-announce-2025-promotions
1410,Lehigh Valley IronPigs,2025-08-22,Easton City Series Cap,complete,https://www.milb.com/lehigh-valley/news/ironpigs-announce-2025-promotions
1410,Lehigh Valley IronPigs,2025-08-23,Rally Towel,complete,https://www.milb.com/lehigh-valley/news/ironpigs-announce-2025-promotions
1410,Lehigh Valley IronPigs,2025-08-24,Adult Allentown Peanuts Cap,complete,https://www.milb.com/lehigh-valley/news/ironpigs-announce-2025-promotions
1410,Lehigh Valley IronPigs,2025-09-02,Dog Bandana,complete,https://www.milb.com/lehigh-valley/news/ironpigs-announce-2025-promotions
1410,Lehigh Valley IronPigs,2025-09-05,TBA Duck,complete,https://www.milb.com/lehigh-valley/news/ironpigs-announce-2025-promotions
1410,Lehigh Valley IronPigs,2025-09-18,TBA Bobblehead,complete,https://www.milb.com/lehigh-valley/news/ironpigs-announce-2025-promotions
1410,Lehigh Valley IronPigs,2025-09-19,Jolly Hogger Flag,complete,https://www.milb.com/lehigh-valley/news/ironpigs-announce-2025-promotions
1410,Lehigh Valley IronPigs,2025-09-20,Iron Duckie,complete,https://www.milb.com/lehigh-valley/news/ironpigs-announce-2025-promotions
556,Nashville Sounds,2025-03-28,2025 Schedule Cling,complete,https://www.milb.com/nashville/news/single-game-tickets-and-promo-schedule-released
556,Nashville Sounds,2025-03-29,2025 Schedule Cling,complete,https://www.milb.com/nashville/news/single-game-tickets-and-promo-schedule-released
556,Nashville Sounds,2025-04-09,Clear Tote,complete,https://www.milb.com/nashville/news/single-game-tickets-and-promo-schedule-released
556,Nashville Sounds,2025-04-12,UT Blanket,complete,https://www.milb.com/nashville/news/single-game-tickets-and-promo-schedule-released
556,Nashville Sounds,2025-04-23,Throwback Windbreaker,complete,https://www.milb.com/nashville/news/single-game-tickets-and-promo-schedule-released
556,Nashville Sounds,2025-04-26,Booster Water Bottle,complete,https://www.milb.com/nashville/news/single-game-tickets-and-promo-schedule-released
556,Nashville Sounds,2025-05-07,Lightweight Hoodie,complete,https://www.milb.com/nashville/news/single-game-tickets-and-promo-schedule-released
556,Nashville Sounds,2025-05-10,Vihuelas Snapback,complete,https://www.milb.com/nashville/news/single-game-tickets-and-promo-schedule-released
556,Nashville Sounds,2025-05-21,Brewskis Safari Hat,complete,https://www.milb.com/nashville/news/single-game-tickets-and-promo-schedule-released
556,Nashville Sounds,2025-05-24,Batting Gloves (Kids 12 & under),complete,https://www.milb.com/nashville/news/single-game-tickets-and-promo-schedule-released
556,Nashville Sounds,2025-06-04,Guitar Bank,complete,https://www.milb.com/nashville/news/single-game-tickets-and-promo-schedule-released
556,Nashville Sounds,2025-06-07,Margaritaville Beach Towel,complete,https://www.milb.com/nashville/news/single-game-tickets-and-promo-schedule-released
556,Nashville Sounds,2025-06-18,Rick Sweet Bobble 'Stache,complete,https://www.milb.com/nashville/news/single-game-tickets-and-promo-schedule-released
556,Nashville Sounds,2025-06-21,Butch McCord Elite Giants Shirsey,complete,https://www.milb.com/nashville/news/single-game-tickets-and-promo-schedule-released
556,Nashville Sounds,2025-07-02,Batting Gloves (Kids 12 & under),complete,https://www.milb.com/nashville/news/single-game-tickets-and-promo-schedule-released
556,Nashville Sounds,2025-07-19,Booster Water Bottle,complete,https://www.milb.com/nashville/news/single-game-tickets-and-promo-schedule-released
556,Nashville Sounds,2025-07-23,Clear Tote,complete,https://www.milb.com/nashville/news/single-game-tickets-and-promo-schedule-released
556,Nashville Sounds,2025-07-26,Replica 2005 Season Sounds Jersey,complete,https://www.milb.com/nashville/news/single-game-tickets-and-promo-schedule-released
556,Nashville Sounds,2025-08-06,Butch McCord Elite Giants Shirsey,complete,https://www.milb.com/nashville/news/single-game-tickets-and-promo-schedule-released
556,Nashville Sounds,2025-08-09,Guitar Bank,complete,https://www.milb.com/nashville/news/single-game-tickets-and-promo-schedule-released
556,Nashville Sounds,2025-08-20,Vihuelas Snapback,complete,https://www.milb.com/nashville/news/single-game-tickets-and-promo-schedule-released
556,Nashville Sounds,2025-08-23,Brewskis Safari Hat,complete,https://www.milb.com/nashville/news/single-game-tickets-and-promo-schedule-released
556,Nashville Sounds,2025-08-27,UT Blanket,complete,https://www.milb.com/nashville/news/single-game-tickets-and-promo-schedule-released
556,Nashville Sounds,2025-08-30,Rick Sweet Bobble 'Stache,complete,https://www.milb.com/nashville/news/single-game-tickets-and-promo-schedule-released
556,Nashville Sounds,2025-09-10,Throwback Windbreaker,complete,https://www.milb.com/nashville/news/single-game-tickets-and-promo-schedule-released
556,Nashville Sounds,2025-09-13,Lightweight Hoodie,complete,https://www.milb.com/nashville/news/single-game-tickets-and-promo-schedule-released
238,Oklahoma City Comets,2025-04-05,Comets hat,complete,https://www.milb.com/oklahoma-city/news/comets-announce-2025-promotions
238,Oklahoma City Comets,2025-06-07,Comets cape,complete,https://www.milb.com/oklahoma-city/news/comets-announce-2025-promotions
238,Oklahoma City Comets,2025-08-01,Harry Potter OKC Socks,complete,https://www.milb.com/oklahoma-city/news/comets-announce-2025-promotions
238,Oklahoma City Comets,2025-08-30,TBA,complete,https://www.milb.com/oklahoma-city/news/comets-announce-2025-promotions
541,Omaha Storm Chasers,2025-04-01,Magnet Schedule,complete,https://www.milb.com/news/storm-chasers-reveal-2025-promotional-schedule
541,Omaha Storm Chasers,2025-05-17,Replica International League Championship Ring,complete,https://www.milb.com/news/storm-chasers-reveal-2025-promotional-schedule
541,Omaha Storm Chasers,2025-06-07,Runza Hawaiian Shirt,complete,https://www.milb.com/news/storm-chasers-reveal-2025-promotional-schedule
541,Omaha Storm Chasers,2025-06-08,Rally Towel,complete,https://www.milb.com/news/storm-chasers-reveal-2025-promotional-schedule
541,Omaha Storm Chasers,2025-06-20,International League Champions Hat,complete,https://www.milb.com/news/storm-chasers-reveal-2025-promotional-schedule
541,Omaha Storm Chasers,2025-07-06,Retro-Style Basketball Jersey,complete,https://www.milb.com/news/storm-chasers-reveal-2025-promotional-schedule
541,Omaha Storm Chasers,2025-07-12,Bobby Witt Jr. Bobblehead,complete,https://www.milb.com/news/storm-chasers-reveal-2025-promotional-schedule
541,Omaha Storm Chasers,2025-08-02,Alex Gordon Bobblehead,complete,https://www.milb.com/news/storm-chasers-reveal-2025-promotional-schedule
534,Rochester Red Wings,2025-04-01,Knit Hat,complete,https://www.milb.com/rochester/news/2025-promo-schedule-x9392
534,Rochester Red Wings,2025-04-01,2025 Magnet Schedule,complete,https://www.milb.com/rochester/news/2025-promo-schedule-x9392
534,Rochester Red Wings,2025-05-14,ROC the Lilac Jersey,complete,https://www.milb.com/rochester/news/2025-promo-schedule-x9392
534,Rochester Red Wings,2025-05-16,Cooler Bag,complete,https://www.milb.com/rochester/news/2025-promo-schedule-x9392
534,Rochester Red Wings,2025-05-17,Plastic Pint Glass,complete,https://www.milb.com/rochester/news/2025-promo-schedule-x9392
534,Rochester Red Wings,2025-05-26,Camo Koozie,complete,https://www.milb.com/rochester/news/2025-promo-schedule-x9392
534,Rochester Red Wings,2025-05-29,Plates Flag,complete,https://www.milb.com/rochester/news/2025-promo-schedule-x9392
534,Rochester Red Wings,2025-05-30,Softball,complete,https://www.milb.com/rochester/news/2025-promo-schedule-x9392
534,Rochester Red Wings,2025-05-31,Cocos Locos Hawaiian Shirt,complete,https://www.milb.com/rochester/news/2025-promo-schedule-x9392
534,Rochester Red Wings,2025-06-13,Mystery Bobblehead,complete,https://www.milb.com/rochester/news/2025-promo-schedule-x9392
534,Rochester Red Wings,2025-06-14,Baseball Hat,complete,https://www.milb.com/rochester/news/2025-promo-schedule-x9392
534,Rochester Red Wings,2025-07-04,Flag,complete,https://www.milb.com/rochester/news/2025-promo-schedule-x9392
534,Rochester Red Wings,2025-07-06,Bruce the Bat Dog Bobblehead,complete,https://www.milb.com/rochester/news/2025-promo-schedule-x9392
534,Rochester Red Wings,2025-07-10,Reversible Plates/Red Wings Jersey,complete,https://www.milb.com/rochester/news/2025-promo-schedule-x9392
534,Rochester Red Wings,2025-07-23,Replica Red Wings 1990s Jersey,complete,https://www.milb.com/rochester/news/2025-promo-schedule-x9392
534,Rochester Red Wings,2025-07-26,Ornament,complete,https://www.milb.com/rochester/news/2025-promo-schedule-x9392
534,Rochester Red Wings,2025-07-27,T-Shirt,complete,https://www.milb.com/rochester/news/2025-promo-schedule-x9392
534,Rochester Red Wings,2025-08-12,Frog Hat,complete,https://www.milb.com/rochester/news/2025-promo-schedule-x9392
534,Rochester Red Wings,2025-08-14,Plates Hawaiian Shirt,complete,https://www.milb.com/rochester/news/2025-promo-schedule-x9392
534,Rochester Red Wings,2025-08-15,James Wood Bobblehead,complete,https://www.milb.com/rochester/news/2025-promo-schedule-x9392
534,Rochester Red Wings,2025-08-24,Clear Drawstring Bag,complete,https://www.milb.com/rochester/news/2025-promo-schedule-x9392
534,Rochester Red Wings,2025-09-11,Plates Silicon Pint Glass,complete,https://www.milb.com/rochester/news/2025-promo-schedule-x9392
102,Round Rock Express,2025-04-01,25th Season Commemorative Ticket,complete,https://www.oursportscentral.com/services/releases/round-rock-express-reveal-2025-promotional-schedule/n-6192179
102,Round Rock Express,2025-04-04,25th Season Cap,complete,https://www.oursportscentral.com/services/releases/round-rock-express-reveal-2025-promotional-schedule/n-6192179
102,Round Rock Express,2025-04-05,Express Long-Sleeve Jersey Hoodie,complete,https://www.oursportscentral.com/services/releases/round-rock-express-reveal-2025-promotional-schedule/n-6192179
102,Round Rock Express,2025-04-12,Roger Clemens Throwback Jersey,complete,https://www.oursportscentral.com/services/releases/round-rock-express-reveal-2025-promotional-schedule/n-6192179
102,Round Rock Express,2025-04-26,Ryan Express 34s Jersey,complete,https://www.oursportscentral.com/services/releases/round-rock-express-reveal-2025-promotional-schedule/n-6192179
102,Round Rock Express,2025-05-16,Dell Diamond Replica Stadium with Sound,complete,https://www.oursportscentral.com/services/releases/round-rock-express-reveal-2025-promotional-schedule/n-6192179
102,Round Rock Express,2025-05-31,Top 25 Express Team Card Set,complete,https://www.oursportscentral.com/services/releases/round-rock-express-reveal-2025-promotional-schedule/n-6192179
102,Round Rock Express,2025-06-14,Express Soccer Jersey,complete,https://www.oursportscentral.com/services/releases/round-rock-express-reveal-2025-promotional-schedule/n-6192179
102,Round Rock Express,2025-06-27,2000 Texas League Championship Replica Ring,complete,https://www.oursportscentral.com/services/releases/round-rock-express-reveal-2025-promotional-schedule/n-6192179
102,Round Rock Express,2025-06-28,Nolan Ryan/Express Hawaiian Shirt,complete,https://www.oursportscentral.com/services/releases/round-rock-express-reveal-2025-promotional-schedule/n-6192179
102,Round Rock Express,2025-07-05,Oversized Express Cap,complete,https://www.oursportscentral.com/services/releases/round-rock-express-reveal-2025-promotional-schedule/n-6192179
102,Round Rock Express,2025-07-11,Nolan Ryan Bobbleleg,complete,https://www.oursportscentral.com/services/releases/round-rock-express-reveal-2025-promotional-schedule/n-6192179
102,Round Rock Express,2025-07-12,Round Rock Briskets Jersey,complete,https://www.oursportscentral.com/services/releases/round-rock-express-reveal-2025-promotional-schedule/n-6192179
102,Round Rock Express,2025-08-02,Express Reversible Jersey,complete,https://www.oursportscentral.com/services/releases/round-rock-express-reveal-2025-promotional-schedule/n-6192179
102,Round Rock Express,2025-08-16,Chupacabras de Round Rock Jersey,complete,https://www.oursportscentral.com/services/releases/round-rock-express-reveal-2025-promotional-schedule/n-6192179
102,Round Rock Express,2025-08-30,Reversible Bucket Hat,complete,https://www.oursportscentral.com/services/releases/round-rock-express-reveal-2025-promotional-schedule/n-6192179
105,Sacramento River Cats,2025-03-28,Heliot Ramos Bobblehead,partial-first-half,https://www.milb.com/sacramento/news/first-half-single-game-tickets-on-sale-promotions-revealed
105,Sacramento River Cats,2025-05-03,TBA,partial-first-half,https://www.milb.com/sacramento/news/first-half-single-game-tickets-on-sale-promotions-revealed
105,Sacramento River Cats,2025-05-30,TBA,partial-first-half,https://www.milb.com/sacramento/news/first-half-single-game-tickets-on-sale-promotions-revealed
105,Sacramento River Cats,2025-06-27,TBA,partial-first-half,https://www.milb.com/sacramento/news/first-half-single-game-tickets-on-sale-promotions-revealed
105,Sacramento River Cats,2025-07-25,Dinger Snowglobe,partial-second-half,https://www.milb.com/sacramento/news/second-half-promotional-schedule-announced-by-river-cats
105,Sacramento River Cats,2025-08-22,TBA,partial-second-half,https://www.milb.com/sacramento/news/second-half-promotional-schedule-announced-by-river-cats
105,Sacramento River Cats,2025-09-19,TBA,partial-second-half,https://www.milb.com/sacramento/news/second-half-promotional-schedule-announced-by-river-cats
531,Scranton/Wilkes-Barre RailRiders,2025-04-08,2025 magnetic schedule,complete,https://www.milb.com/scranton-wb/news/fun-incoming-2025-promo-slate-announced
531,Scranton/Wilkes-Barre RailRiders,2025-05-18,CHAMP squish,complete,https://www.milb.com/scranton-wb/news/fun-incoming-2025-promo-slate-announced
531,Scranton/Wilkes-Barre RailRiders,2025-05-31,Camo hat,complete,https://www.milb.com/scranton-wb/news/fun-incoming-2025-promo-slate-announced
531,Scranton/Wilkes-Barre RailRiders,2025-06-14,Shooter McGavin custom bobblehead,complete,https://www.milb.com/scranton-wb/news/fun-incoming-2025-promo-slate-announced
531,Scranton/Wilkes-Barre RailRiders,2025-06-28,Baby Bombers button-down shirt,complete,https://www.milb.com/scranton-wb/news/fun-incoming-2025-promo-slate-announced
531,Scranton/Wilkes-Barre RailRiders,2025-07-05,Luis Gil custom bobble baseball card,complete,https://www.milb.com/scranton-wb/news/fun-incoming-2025-promo-slate-announced
531,Scranton/Wilkes-Barre RailRiders,2025-07-12,Hawaiian shirt,complete,https://www.milb.com/scranton-wb/news/fun-incoming-2025-promo-slate-announced
531,Scranton/Wilkes-Barre RailRiders,2025-08-16,RailRiders Platform 9 3/4 socks,complete,https://www.milb.com/scranton-wb/news/fun-incoming-2025-promo-slate-announced
531,Scranton/Wilkes-Barre RailRiders,2025-08-30,Custom Vejigantes soccer jersey,complete,https://www.milb.com/scranton-wb/news/fun-incoming-2025-promo-slate-announced
1960,St. Paul Saints,2025-03-28,Baby Blue Saints Anorak Jacket,complete,https://www.milb.com/news/saints-give-fans-75-wicked-good-promotions-in-2025
1960,St. Paul Saints,2025-03-29,Black and Royal Blue Saints Anorak Jacket,complete,https://www.milb.com/news/saints-give-fans-75-wicked-good-promotions-in-2025
1960,St. Paul Saints,2025-03-30,Magnet Schedule,complete,https://www.milb.com/news/saints-give-fans-75-wicked-good-promotions-in-2025
1960,St. Paul Saints,2025-04-12,Youth Cookie Monster Bucket Hat,complete,https://www.milb.com/news/saints-give-fans-75-wicked-good-promotions-in-2025
1960,St. Paul Saints,2025-04-27,Linus themed Saints jersey,complete,https://www.milb.com/news/saints-give-fans-75-wicked-good-promotions-in-2025
1960,St. Paul Saints,2025-05-10,Brooks Lee bobblehead,complete,https://www.milb.com/news/saints-give-fans-75-wicked-good-promotions-in-2025
1960,St. Paul Saints,2025-07-25,CHS/Saints Cross Body Bag,complete,https://www.milb.com/news/saints-give-fans-75-wicked-good-promotions-in-2025
1960,St. Paul Saints,2025-08-09,Joe Mauer bobblehead,complete,https://www.milb.com/news/saints-give-fans-75-wicked-good-promotions-in-2025
5434,Sugar Land Space Cowboys,2025-03-29,Space Cowboys Home Jersey,complete,https://www.milb.com/sugar-land/news/full-promotional-schedule-announced-2025-space-cowboys
5434,Sugar Land Space Cowboys,2025-04-11,Replica Championship Jersey,complete,https://www.milb.com/sugar-land/news/full-promotional-schedule-announced-2025-space-cowboys
5434,Sugar Land Space Cowboys,2025-04-12,Replica Championship Ring,complete,https://www.milb.com/sugar-land/news/full-promotional-schedule-announced-2025-space-cowboys
5434,Sugar Land Space Cowboys,2025-05-02,Arrighetti Spaghetti Bobblehead,complete,https://www.milb.com/sugar-land/news/full-promotional-schedule-announced-2025-space-cowboys
5434,Sugar Land Space Cowboys,2025-05-03,Replica Championship Ring,complete,https://www.milb.com/sugar-land/news/full-promotional-schedule-announced-2025-space-cowboys
5434,Sugar Land Space Cowboys,2025-05-16,Replica Championship Ring,complete,https://www.milb.com/sugar-land/news/full-promotional-schedule-announced-2025-space-cowboys
5434,Sugar Land Space Cowboys,2025-05-17,Space Cowboys Anime Jersey,complete,https://www.milb.com/sugar-land/news/full-promotional-schedule-announced-2025-space-cowboys
5434,Sugar Land Space Cowboys,2025-05-23,Astros Giveaway,complete,https://www.milb.com/sugar-land/news/full-promotional-schedule-announced-2025-space-cowboys
5434,Sugar Land Space Cowboys,2025-05-26,Space Cowboys Military Replica Jersey,complete,https://www.milb.com/sugar-land/news/full-promotional-schedule-announced-2025-space-cowboys
5434,Sugar Land Space Cowboys,2025-06-06,Copa de la Diversion Replica Jersey,complete,https://www.milb.com/sugar-land/news/full-promotional-schedule-announced-2025-space-cowboys
5434,Sugar Land Space Cowboys,2025-06-08,Orion Piggy Bank,complete,https://www.milb.com/sugar-land/news/full-promotional-schedule-announced-2025-space-cowboys
5434,Sugar Land Space Cowboys,2025-06-20,Black Heritage Jersey,complete,https://www.milb.com/sugar-land/news/full-promotional-schedule-announced-2025-space-cowboys
5434,Sugar Land Space Cowboys,2025-06-21,Astros Giveaway,complete,https://www.milb.com/sugar-land/news/full-promotional-schedule-announced-2025-space-cowboys
5434,Sugar Land Space Cowboys,2025-07-03,Replica Space Cowboys Patriotic Jersey,complete,https://www.milb.com/sugar-land/news/full-promotional-schedule-announced-2025-space-cowboys
5434,Sugar Land Space Cowboys,2025-07-18,Space Cowboys Tacky Christmas Sweater Jersey,complete,https://www.milb.com/sugar-land/news/full-promotional-schedule-announced-2025-space-cowboys
5434,Sugar Land Space Cowboys,2025-07-19,Margaritaville Jersey,complete,https://www.milb.com/sugar-land/news/full-promotional-schedule-announced-2025-space-cowboys
5434,Sugar Land Space Cowboys,2025-07-20,Affiliates Cap,complete,https://www.milb.com/sugar-land/news/full-promotional-schedule-announced-2025-space-cowboys
5434,Sugar Land Space Cowboys,2025-08-01,Astros Giveaway,complete,https://www.milb.com/sugar-land/news/full-promotional-schedule-announced-2025-space-cowboys
5434,Sugar Land Space Cowboys,2025-08-03,Orion's Lunch Box,complete,https://www.milb.com/sugar-land/news/full-promotional-schedule-announced-2025-space-cowboys
5434,Sugar Land Space Cowboys,2025-08-15,Space Cowboys Camo Hat,complete,https://www.milb.com/sugar-land/news/full-promotional-schedule-announced-2025-space-cowboys
5434,Sugar Land Space Cowboys,2025-08-29,Space Cowboys Football Jersey,complete,https://www.milb.com/sugar-land/news/full-promotional-schedule-announced-2025-space-cowboys
5434,Sugar Land Space Cowboys,2025-09-05,Harry Potter Jersey,complete,https://www.milb.com/sugar-land/news/full-promotional-schedule-announced-2025-space-cowboys
5434,Sugar Land Space Cowboys,2025-09-19,Astros Giveaway,complete,https://www.milb.com/sugar-land/news/full-promotional-schedule-announced-2025-space-cowboys
5434,Sugar Land Space Cowboys,2025-09-20,Hispanic-Themed Jersey,complete,https://www.milb.com/sugar-land/news/full-promotional-schedule-announced-2025-space-cowboys
